name,permalink
Cue,cue
Roost,roost
Bagaveev Corporation,bagaveev-corporation
BlockScore,blockscore-4d5a
Celery,celery
Cellabus,cellabus
Clear Genetics,clear-genetics
Cloudastructure,cloudastructure-inc
Cobalt,cobalt
DeepGram,deepgram
Fountain,fountain
Honeybook,honeybook
Leada,leada
Lendsnap,lendsnap-inc
Metadata,metadata
Networked Blogs,ninua
Padlet,padlet
Panorama,panorama
Peer5,peer5
PlateJoy,platejoy
Pomello,pomello
Rank Science,rank-science-2
Rigetti Computing,rigetti-computing
Seva Coffee,seva-coffee
San Francisco Open Exchange,sfox
Sourcery,sourcery-9141
Stitch,stitch
Supply.ai,dataculture-inc-
Tallyfy,tallyfy-ltd
Tap to Learn,taptolearn
uBiome,ubiome
Unwind Me,unwind-me
Vayable,vayable
Volans-i,volans-i
Volley,volley-2
Wildfire,wildfire-interactive
Wivity,wivity-inc
DevColor,dev-color
10 By 10,10-by-10
1000Memories,1000memories
20n,20n
21Squared,21squared-inc
280 North,280-north
300milligrams,300milligrams
3sourcing,3sourcing
3Ten8,3ten8
43Layers,43-layers
4m3,itrp-institute
500Friends,500friends
7 Cups of Tea,7-cups-of-tea
70 Million Jobs,70-million-jobs
955dreams,955dreams
99gamers,99gamers
AA Audience,aa-audience
Abacus,abacus-2
AbbeyPost,abbeypost
Able Health,able-health
Abra,abra
Accredible,accredible
Acre Designs,acre-designs
Active Scaler,active-scaler
ActivityHero,activityhero
Acuity.AI,acuity-ai
Acunote,acunote
Adenda,adenda-media
Ader,ader
AdEspresso,adespresso
AdGrok,adgrok
AdmitSee,admitsee
Advano,advano
Adventure Bucket List,adventure-bucket-list
Aella Credit,aella-credit
AeroFS,aerofs
Aerones,aerones
AgFunder,agfunder
AgileMD,agilemd
Airbanq,airbanq
AirBnb,airbnb
Airfordable,airfordable
AirHelp,airhelp
Airmada,airmada
Airo Health,airo-health
AirPair,airpair
Airpost,airpost-io
Airware,airware
Aisle50,aisle50
AitoeLabs,aitoelabs
Akido Labs,akido-labs
Albert,albert-2
Alfred,alfred-artificial-intelligence-driven-concierge
Algolia,algolia
Algoriz,algoriz
AllVirtuous,all-virtuous
Almabase,almabase
AlphaFlow,alphaflow
Alto,alto
Alumnify,alumnify
Amberbox,amberbox
Ambition,ambition-inc
Amiato,amiato
Amicus,amicus
Amper,amper-technologies
Ample,ample
Amplitude,amplitude
Amulyte,amulyte
click2stream,angelcam
Anjuna,anjuna
anyadir education,anyadir-education
AnyRoad,anyroad
Anyvite,anyvite
Anywhere.fm,anywhere-fm
Apester (prev. Qmerce),qmerce
Meteor,meteor-2
ZenProspect,zenprospect
ApolloShield,apollo-shield
Apozy,apozy
Appbistro,appbistro
AppCanary,appcanary
Appcubator,appcubator
AppFuel,appfuel
AppGroves,searchman
AppHarbor,appharbor
AppRats,apprats
AppSlingr,appslingr
AppSocially,appsocially
Appsperse,appsperse
ApptheGame,appthegame-09c2
Apptimize,apptimize
apptuto,apptuto
AppZen,appzen
AptDeco,aptdeco
Aptible,aptible
Aptonomy,navtrac
Workplace Arcade,arcade-f26a
Regalii,regalii
Ark,ark
Arka,arka
Armory,armory
AROS,aros
Arrivy,arrivy
ArrowPass,arrowpass
ArtCorgi,artcorgi
Arthena,arthena
Assemblage,assemblage
Assembly,assembly
Asseta,asseta
AstroPrint,astroprint
Athelas,athelas
Atipica,atipica
Atlas Card,atlascard
Atomwise,atomwise
Auctio,auctio
Auctomatic,auctomatic
AudioBeta,audiobeta
AuditFile,gastke
Audm,audm
Aumet,aumet
Auro Robotics,auro-robotics
Authy,authy-inc
AutoHub,autohub
Automate Ads,kuhcoon
Automatic,automatic-com
Ava,ava
Avanoo,avanoo
Avision Robotics,avision-robotics
BabyList,babylist
Qidza,babynoggin
Back4App,back-4-app-back4app-servicos-digitais-ltda
Backand,backand
BackerKit,backerkit
Brace,brace
Backlot Cars,backlot-cars
Backtype,backtype
Badger,badger
Baker,baker-aa9a
Balanced,balanced
Baloonr,balloon
Bankjoy,bankjoy
Bannerman,bannerman
Barn & Willow,barn-willow
baydin,baydin-2
Bayes Impact,bayes-impact
Beacon,beacon-2
BeatDeck,beatdeck
Beep,unmute
Beetailer,beetailer
Bellabeat,bellabeat
Ben,ben
Benchling,benchling
BenRevo,benrevo
BetterView,betterview
BIGcontrols,bigcontrols
Bigfinite,aizon
Bikanta,bikanta
BillForward,billforward
BillionToOne,billiontoone
BillTrim,billtrim
Binary VR,binaryvr
binpress,binpress
Biobot Analytics,biobot-analytics
Biographicon,biographicon
Biomarker.io,biomarker-io
BioRender.io,biorender-inc
Birdnest Inc.,birdnest
bites,bites
Bitmovin,bitmovin
BitNami,bitnami
BitProof,bitproof
BitQuick,bitquick
BitRefill,bitrefill
BitWall,bitwall
Bizzy.io,bizzy-2
BlackDrumm,blackdrumm
Blavity,blavity
Edcanvas,blendspace
BlinkTrade,blinktrade
Blinq,blinq
instant esports,blitz-esports
Blitzz,blitzz-software
BlockCypher,blockcypher
BlockSpring,blockspring
BlockStack Labs,stacks
Bloom Credit,bloomcredit
BloomAPI,bloomapi
BloomBoard,bloomboard
BloomJoy,bloomjoy
Bloomthat,bloomthat
Blossom,blossom
BlueFrogGaming,blue-frog-gaming
Blueberry,blueberry
Blueboard,blueboard
BlueCrew,bluecrew
Bluefields.com,bluefield-technologies
BlueSmart,bluesmart
Blumio,blumio
Blurbiz,blurbiz-media
Bodyport,bodyport
Bohemian Guitars,bohemian-guitars
Bombfell,bombfell
Bonafide,zizinya-web-solutions
Bonsai,bonsai-ai
Booktrope,booktrope
Boom,boom
Boon,boon
Boostable,boostable
BoostedBoards,boosted-boards
Bop.fm,bop-fm
BottlesTonight,bottlestonight
Bountii,bountii
Bounty Hunter,bountyhunter
BoxC,boxc
BrandBoards,brandboards
Breaker,breaker
BrewPublik,brewpublik-2
Bridge,bridge
BridgeUs,lexspot
Bright,bright
Trellis,trellis
BrightFunnel,brightfunnel
BrightLoop,brightloop
brightnest,brightnest
Browsarity,browsarity
Bstow,bstow
BTCjam,btcjam
BuildScience,buildscience
BuildUp,buildup
BuildZoom,buildzoom
Bulletin,bulletin
Calliope,calliope
Burrow,burrow
BurstIQ,burstiq
Butter Systems,butter-systems
Buttercoin,buttercoin
Buxfer,buxfer
BuzzSpice,buzzspice
Buzzstarter,buzzstarter
Byte,byte
Cadence,cadence-2
Caelum Health,caelum-health
California Dreamin',california-dreamin
Call9,call9
Callisto,callisto
Cambly,cambly
Cambrian Genomics,cambrian-genomics
CaptivateIQ,captivateiq
CarDash,cardash
CardFlick,cardflick
CardPool,cardpool
CareLedger,careledger
CareLuLu,carelulu
CareMessage,caremessage
CareSkore,careskore
Carlypso,carlypso
Carrot Fertility,carrot-fertility
Carsabi,carsabi
Carta Healthcare Inc.,carta-healthcare
CarWoo,carwoo
Casetext,casetext
Castle,castle
Catnip,catnip
Cattle Care,cattle-care
Cavalry,cavalry
Vest,one-protocol-inc-1protocol
CellBreaker,cellbreaker
chalkable,chalkable
Chariot,chariot
Chart.io,chart-io
Chatfuel,chatfuel
ChattingCat,chattingcat-co
Check My Campus,check-my-campus
Checkbook.io,checkbook-io
Checkr,checkr
Cheddar Up,cheddar-up
Chesscademy,chesscademy
Chewse,chewse
Chorus,chorus-3
ChouxBox,chouxbox
Chronon,chronon-systems
Chute,chute
Cinder,palate-home
Circle Medical,circle-medical-2
CirroSecure,cirrosecure
Cirrus Identity,cirrus-identity
Citus Data,citus-data
Cityblis,cityblis
Cladwell,cladwell
ClaimCompass,claimcompass
Clara Labs,clara-labs
Class Central,class-central
ClassConnect,classconnect-technologies
ClassDojo,classdojo
Classroom IQ,classroom-iq
Classwork,classwork
Cleanify,cleanify
Cleanly,cleanly
ClearBrain,clearbrain
Clerky,clerky
Clever,clever
Click & Grow,click-grow
ClickFacts,clickfacts
clouber.io,clouber
Cloud Academy,cloudacademy
Cloudant,cloudant
Cloudkick,cloudkick
CloudMedX,cloudmedx
Cloudstitch,cloudstitch
Clowder,pinxter-inc
Clustrix,clustrix
Clutch.io,clutch-io
CoachMarket,coachmarket
CoContest,gopillar-academy
Cocoon Cam,cocoon-cam
CocuSocial,cocusocial
Codecademy,codecademy
CodeCombat,codecombat
CodeEval,codeeval
CodeHS,codehs
CodeNow,codenow
CodersClan,codersclan
Coderwall,coderwall
CodeUpStart,codeupstart
Coeio,coeio
Cofactor Genomics,cofactor-genomics
Cognito Networks,cognito-networks
Cognuse,cognuse
Coin,coin
Coinalytics,coinalytics-co
Coinbase,coinbase
Coinding,coinding
CoinTent,cointent
CoinTracker,cointracker
Collectly,collectly-inc
Color Dating,color-dating
Comeet,comeet
CommitChange,commitchange
Compgun,compgun
Comprehend Systems,comprehend-systems
Compression Kinetics,compression-kinetics
CompStak,compstak
ConceptDrop,conceptdrop
ConcertWith.me,concertwithme
Confident Cannibas,confident-cannabis
ConnectBright,connectbright
ConstructVR,constructvr
Construkts,construkts-inc
Contactually,contactually
contentools,contentools
ContestMachine,contestmachine
ContextSmith,contextsmith
Contract Simply,contract-simply
Convox,convox
Cooleaf,cooleaf
Copia,copia
CoreOS,coreos
Correlia Biosystems,correlia-biosystems
Cortex,cortex
Couple,couple
Court Buddy,court-buddy
Courtmatics,courtmatics
Cover,cover
Covetly,covetly
Cowlar,cowlar
Cozy (previously Avenue),cozy
Craft Coffee,craftcoffee
CrateJoy,cratejoy
Creative Market,creativemarket
Credii,credii
Credit Stacks,credit-stacks
Crema.co,crema-co
CribSpot,cribspot
CricketHealth,crickethealth
Crocodoc,crocodoc
Croissant,croissant
Croma,croma
CrowdAI,crowdai
Crowdbooster,crowdbooster
Crowdcast,crowdcast
Crowdery,crowdery
CrowdMed,crowdmed
CrowdPlat,crowdplat
[crowd:rally],fragments-a7cb
Cruise,cruise
CryptoMove,cryptomove
Cryptoseal,cryptoseal
Crysp,crysp
culturekitchen,culture-kitchen
Culture Robotics,culture-robotics
Curious Hat,curious-hat
Curtsy,curtsy
Custora,custora
CyberX,cyberx
Cycle,cycle
Cymmetria,cymmetria
Daily Aisle,daily-aisle
DailyBooth,dailybooth
Dakwak,dakwak
Damntheradio,damntheradio
Darmiyan,darmiyan
Data Marketplace,data-marketplace
DataNitro,datanitro
DataRank,datarank
Datasembly,datasembly
Datatron,datatron
Dating Ring,the-dating-ring
DCHQ,dchq
Deako,deako
Dealflicks,dealflicks
Dealupa,dealupa
Dealyze,dealyze
DeansList,deanslist
DearBrightly,dearbrightly
DebtEye,debteye
DecisiveHealth,decisive-health
Deep Relevance,deep-relevance
Deep Science AI,deep-science-ai
DeferPanic,nanovms
Deluux,deluux
Democracy Earth,democracyos
Department of Better Technology,department-of-better-technology
DeZyre,dezyre
Dharma Labs,dharma-labs
Diaspora,diaspora
Diassess,diassess
Digital Currency Council,digital-currency-council
Digital Mortar,digital-mortar
DigitalOutposts,digitaloutposts
DigitWhiz,digitwhiz
Direct Match,direct-match-llc
DirectedEdge,directed-edge
Disclosures.io,disclosures-io
Discover.ly,discoverly
Disqus,disqus
Divvyshot,divvyshot
Doblet,doblet-6
docCheer,doccheer
Docker,docker
Donde,donde-d278
DoorDash,doordash
Doorman,doorman
DoseDr,dosedr
Dost Education,dost-education
Dot Dash Pay,dotdashpay
Double Robotics,double-robotics
Doughbies,doughbies
Down,down
Doxel,doxel
Draft,starstreet
Dr Chrono,drchrono
Dreambox,dreambox
Dreamforge,dreamforge
Drip Capital,drip-capital
Drippler,drippler
Drive Motors,drive-motors-4df8
Drive Pulse,drive-pulse
drone.io,drone-io
DroneBase,dronebase
Dropbox,dropbox
Dropifi,dropifi
Dropleaf,dropleaf
Dscovered,dscovered
Easel,easel
EasyPost,easypost
eBrandValue,ebrandvalue
Echo Locker,echo-locker
Echodio,echodio
Eden,eden-3
EdPuzzle,edpuzzle
Edshelf,edshelf
Educents,educents
Educreations,educreations
Eduvant,eduvant
Edwin,edwin
Edyn,edyn
Efflux Systems,efflux-systems
Eight,eight
Electroloom,electroloom
Elemeno Health,elemeno-health
Eligible,eligible-api
Eloquent Labs,eloquent-labs
Elucd,elucd
Elucify,elucify
Embark,embark
Embedly,embed-ly
Emburse,emburse
Emote,emote
Enchanted Diamonds,enchanted-diamonds
Enflux,enflux-2
EnvKey,envkey
Enzyme,enzyme-2
Equipboard,equipboard
EquipmentShare,equipmentshare
EquitySim,equitysim
EquityZen,equityzen-inc
Errplane,errplane
Escher Reality,escher-reality
eSparkLearning,espark
Estimote,estimote
Etacts,etacts
Etleap,etleap
eventable,eventable
Eventgeek,eventgeek
Eventjoy,eventjoy
everbill,everbill
EveryArt,everyart
Everyday.me,everyday-me
No Lean Season,evidence-action
Evry Health,evry-healthcare
Exabyte.io,exabyte-io
Exec,exec
Experiment,experiment
Exponent,exponent
EyesOnFreight,eyes-on-freight
Fabric,fabric
FactoryFour,factoryfour
Indigo Fair,indigo-fair
FairFly,fairfly
FameBit,famebit
FamilyLeaf,familyleaf
Fan Stream,fan-stream
FanChatter,fanchatter
FanVibe,fanpulse
Farmeron,farmeron
FarmLogs,farmlogs
FathomDB,fathomdb
Favor,favor
Fearless VR,fearless
Feast,feast
Feastly,feastly
Feather,care-current
Featherlight,featherlight
Fellow,fellow
femeninas,femeninas
Fibo,fibo
Fileboard,fileboard
Filestack,ink-mobility
FillMyFork,fillmyfork
Final,final
Fingertips Lab,fingertips-lab
Finova Financial,finova-financial
Finrise,finrise-inc
Firebase,firebase
FirstCut.io,firstcut
FirstHand,evisors
First Impression,first-impression-cc68
fitocracy,fitocracy
Five Stars,fivestars-loyalty
Fivetran,fivetran
Fixed,fixed
Flagr,flagr
FlashRatings,flashratings
Flaviar,flaviar
Flexport,flexport
flexReceipts,flexreceipts
Vidly / Fliggo,fliggo
FlightCar,flightcar
Flightcaster,flightcaster
FlightFox,flightfox
Filp,filp
FlipFlic,comfee
Flirtey,flirtey
Float,the-float-yard
Floobits,floobits
NowJS,flotype
Flowcast,flowcast
Flowspace,flowspace
FloydHub,floydhub
Flutter,flutter-io
Flutterwave,flutterwave
FLYE,flye
Flyer,flyer
Flynn,flynn
Flytenow,flytenow
Fobo,fobo
Focal Systems,focal-systems
Fold,card-for-coin
Folia Water,folia-water
FollowTheCoin,follow-the-coin
FortAwesome,font-awesome
fontacto,fontacto
Foodoro,foodoro
FORCE,force-2
Forever Labs,forever-labs
Forrst,forrst
Foxpass,foxpass
FoxType,foxtype
Framed Data,framed-data
Freedcamp,freedcamp
Freemit,freemit
FreshPlum,freshplum
Friend Trusted,friend-trusted
RunThere,friendfit
FriendlyData,friendlydata
FriendSpot,friendspot
Frisbee,alively
Frogmetrics,frogmetrics
Front,front-app
Frontleaf,frontleaf
FuelPanda,fuelpanda
Fulfil.io,fulfil-io
Function of Beauty,function-of-beauty
Funderful,funderful
FundersClub,fundersclub
Funji,funji
Funnely,funnely
FutureAdvisor,futureadvisor
FutureLeague,camperoo
BeaconsInSpace,fysical
Gainful,gainful
Gamador,gamador
Gameday,gameday
GameLynx,gamelynx
Gameyola,gameyola
Gantto,gantto
Gas Pos,gas-pos-inc
GazeHawk,gazehawk
gazeMetrix,uberlabs
Gecko Robotics,gecko-robotics
Geddit,geddit
Geekatoo,geekatoo
Gemnote,gemnote
Genius,genius-com
Genome Compiler,genome-compiler
Genoox,genoox
Georama,georama
Get Lighthouse,get-lighthouse
GetAccept,getaccept
GetGoing,getgoing-inc
GiftStarter,giftstarter
Gigabryte,gigabryte
Gigster,gigster
Gigwell,gigwell-2
Ginko Bioworks,ginkgo-bioworks
GinzaMetrics,ginzametrics
GitLab,gitlab-com
GitPrime,gitprime
Give Campus,givecampus
Giveffect,giveffect
GiveIt100,giveit100
EngageInbox,givespark
Givesurance,givesurance
Gizmo,gizmo-790e
GlamST,glamst
Glassmap,glassmap
Glidian,glidian
Glimpse K12,glimpsek12
Gliph,gliph
GlobeKeeper,globekeeper
Globevestor,globevestor
Gluwa,gluwa
Goalbook,goalbook
GOAT,goat-db23
Gobble,gobble
GoComm,gocomm
GogoCoin,gogocoin
GoGoGrandparent,gogograndparent
Gogohire,gogohire
Goldbely,goldbelly
GoldenKey,goldenkey
GoLorry,golorry
Good Call Sports,good-call-sports
Goodybag,goodybag
Govlist,procurenow
GoVoluntr,govoluntr
Graffiti Labs,graffiti
Graft Concepts,graft-concepts
Gravitational,gravitational
Green Way Laboratories,green-way-laboratories-inc
GreenGar,greengar-studios
Greentoe,greentoe
Greo,greo
Grid,grid
GridRaster,grid-raster
Groove,groove-2
GroupAhead,groupahead
GroupCard,groupcard
Grouper,grouper-2
groupiter,groupiter
GroupTie,grouptie
Convore,convore
Growbot,growbots
GrubMarket,grubmarket-inc
GTrack Technologies,gtrack-technologies
Guidekick,guidekick
Guilded,guilded
Gumball,gumball
Gun,gun-2
Gustav,gustav
Gusto,gusto
GymHit,gymhit
Habit Labs,habit-labs
HackerBay,hackerbay
Hackermeter,hackermeter
HackerRank,hackerrank
HackPad,hackpad
Haiku,haiku
Halo Home,halo-home
HaloLife,halolife
Hamptons Lane,hamptons-lane
HandStack,handstack
Hapara,hapara
Happy Inspector,happy-inspector
HashRabbit,hashrabbit
HauteDay,hauteday
Havenly,havenly
Haywheel,haywheel
Hazel Lane,hazel-lane
Headnote,headnote
Headout,tourlandish
HealthCrowd,healthcrowd
Health Sherpa,healthsherpa
Heap Analytics,heap
HeavyConnect,heavyconnect-2
Hedgy,hedgy
Helion Energy,helion-energy
Helix Nanotechnologies,helixnano
HelloChair,hello-chair
HelloBit,hellobit
Hello World,hello-world-3
Heroic Labs,heroic-labs
Heroku,heroku
HeTexted,hetexted
Hexa,hexa-3d
Hexel,hexel
Heysan,heysan
Heyzap,heyzap
Hickory,versed
HigherMe,higherme
HighlightCam,highlightcam
Hijro,hijro
Hingeto,hingeto
HiOperator,hioperator
Hipmunk,hipmunk
HipType,hiptype
HireArt,hireart
HireHive,hirehive
Hirevisor,hirevisor
HistoWiz,histowiz
Hivy,hivy
Hobobe,hobobe
Hogaru,hogaru
Holidog,holidog
Homebot,homebot
HomeJoy,homejoy
Honeydue,honeydue
Honor,honor
Hop,hop-3
HoverChat,hoverchat
Hubchilla,hubchilla
Hum,hum
Captain 401,humaninterest
Humble Bundle,humble-bundle
Hunie,designerscouch
Hykso,hykso-inc
Hyperink,hyperink
Hyphen,hyphen
iBillionaire,ibillionaire
iCracked,icracked
imgfave,imgfave
Imgix,imgix
imHome,imhome
Industrial Microbes,industrial-microbes
Immunity Project,immunity-project
Impraise,impraise
Improvado,improvado-io
Imubit,imubit
In Your Corner,pretty-padded-room
Answerly.com,answerly
Incredible Health,incredible-health
Indee,indee
Index,index
Indinero,indinero
Indio,indio
Indivio,indivio
Wufoo,infinitybox
InfluxData,influxdb
Infoharmoni,infoharmoni
Chalk,chalk
InnaMed,innamed
Innovaccer,innovaccer
InnoVein,innovein
InsideWarehouse,inside-warehouse
InsiteVR,insitevr
Instacart,instacart
InstaGIS,instagis
InstaGrok,instagrok
Install Monetizer,installmonetizer
InstantQ,instantq
Instavest,instavest-2
Instawork,instawork
Instrumentl,instrumentl
Interana,scubaanalytics
Intercom,intercom
Interstate,interstate
Interviewed,interviewed
Iris Automations,iris-automation-inc
Iron Ox,iron-ox
iSono Health,isono-health
italist,italist
iTOi,itoi
Ivee,ivee
Ivy,ivy
iWABOO,iwaboo-inc
ixi-play,ixi-play
Jaco,jaco
Jellyfish Art,jellyfish-art
Jerpix,jerpix-games
JetInsight,jetinsight
Joberator,joberator
Jopwell,jopwell
Joy,joytheapp
Jumpcut,jumpcut-studios
Junior Explorers,junior-explorers-club
Just Appraised,just-appraised
JyMob,jymob
Kaizena,kaizena
Kaleidoscope,kaleidoscope
Kamcord,kamcord
KangaDo,kangado
Kanler,kanler
Kash,kash-2
Kaymbu,kaymbu
Keewi Inc,keewi-4
Kestrel Materials,kestrel-materials
Keyboardio,keyboardio
Keychain Logistics,keychain-logistics
KeyWee,keywee
kibin,kibin
Kickback,kickback
KickPay,kickpay
Kicksend,kicksend
KickUp,kickup
KidPass,kidpass
KidzJet,kidzjet
Kiko,kiko
KiLife Tech,kiband
KimKim,kimkim
Kimono,kimono-4
Kip Health,kip-labs
Kippt,kippt
Kirkland North,kirkland-north
KiteReaders,kitereaders
Kitterly,kitterly
Knowmia,knowmia
Kodable,kodable
Koemei,koemei
Kollecto,kollecto
Kompyte,kompyte
KonoLabs,konolabs-inc-
Konsus,konsus
Kontagent,upsight
Koofers,koofers
Kudobuzz,kudobuzz
Kuna Systems,kuna-systems-corp
kwik,kwik
Lab Sensor Solutions,lab-sensor-solutions
Labdoor,labdoor
Ladera Labs,ladera-labs
Lambda School,lambda-school
Lampix,lampix
Landed,landed
Lattice,lattice
LaunchBit,launchbit
LaunchGram,launchgram
LaunchHear,launchhear
Launchpad Toys,launchpad-toys
launchrock,launchrock
LaunchTrack,launchtrack
Lawdingo,lawdingo
Lawn Love,lawn-love
LawnGuru,lawnguru
Lawnmower,lawnmower
LawTrades,lawtrades
Lawyaw,lawyaw
Layer by Layer,layer-by-layer
Le Tote,le-tote
LeadGenius,mobileworks
Leaky,leaky
LeanMarket,leanmarket
Leap,leap
Motivate,motivate
Leapcure,leapcure
LearningJar,learningjar
Learnsprout,learnsprout
Ledger Investing,ledger-investing
Legalist,legalist
GoRefi,lenda
LendEDU,shoptutors
Lendsquare,lendsquare
LendUp,lendup
Leon & George,leon-george
Level,level-5
Level Family Therapy,level-therapy-general
Lever,lever
Life Bot,life-bot
Life360,life360
Liftignighter,liftigniter
Lightbox VR,lightboxvr
LightTable,lighttable
LikeBetter,likebetter-com
Lingt,lingt
LinguaTrip,linguatrip
Liquidspace,liquidspace
Lish,lish
ListenLoop,listenloop
Listia,listia
ListRunner,listrunner
Litmus Automation,litmus-automation
Littlefund,littlefund
LiveCanary,livecanary
Lively,greatcall
Lob,lob
LocalOn,localon
Locent,locent
LogDNA,logdna
Lollipuff,lollipuff
LookAcross,lookacross
Looklive,looklive
Loom,loom-dropbox
Loop Genomics,loop-genomics
Loop Support,loop-support
Loopt,loopt
AutoLotto,lotterydotcom
LoveWithFood,love-with-food
Lugg,lugg
Lully,lully
Lumi,lumi
Luminist,luminist
Luminostics,luminostics-inc
Lumo,lumo
Lumoid,lumoid
lvl5,lvl5
LVL6,lvl6
Lygos,lygos
Machine Zone,machine-zone
Macromoltek,macromoltek-inc
Maderight,maderight
MadeSolid,madesolid
Maestro Conference,maestroconference
Magic,magic
Magic Instruments,magic-instruments
Magic Bus,magic-bus
Mahmee,mahmee
MailGun,mailgun
MailLift,maillift
MailTime,mailtime
MakeSchool,MakeSchool
MapJam,mapjam
Markerly,markerly
MarketBrief,marketbrief
Marketfox,marketfox
Markhor,markhor
The Mars Reel,mars-reel
MashGin,mashgin
Mashvisor,mashvisor
Mason America,mason
Materialist,materialist
MathChat,mathchat
Voxli,voxli
Mattermark,mattermark
MatterPort,matterport
Mavin,mavin
May Mobility,may-mobility
Mayvenn,mayvenn
MDAcne,mdalgorithms
Meadow,meadow
Medigram,medigram
Medisas,medisas
Medumo,medumo-2
MedXT,medxt
Meetingbird,meetingbird
Meetings.io,meetings-io
MeetingSift,livesift
Meldium,meldium
Memebox,memebox
MeMeTales,memetales
Memora Health,memora-health
MemSQL,memsql
Mentat,mentat-llc
MentorCloud,mentorcloud
Mere Coffee,mere-coffee
Merlin,merlin-network
Mertado,six-times-seven
MessageParty,messageparty
Meta Space Glasses,meta-view
Metapacket,metapacket
MeterFeeder,meterfeeder
MicroEval,microeval
MicroHealth,microhealth
MightyHive,mightyhive
MightyQuiz,mightyquiz
Mimir,mimir
Mindori,mindori
MineFold,minefold
MineralSoft,mineralsoft
MinoMonsters,minomonsters-5399
Mirror AI,mirror-ai
Mission 100%,mission-100-
Missionmark,missionmark
Misterbnb,misterbnb
MixerBox,mixerbox-inc
Mixpanel,mixpanel
MixRank,mixrank
MoBagel,mobagel
Mobile Enerlytics,mobile-enerlytics-llc
MobileSpan,mobilespan
Modbot,modbot
Modern Health,modern-health
Modify,modify
Mohound,mohound
MojiLaLa,mojilala
Moki.TV,moki-tv
Molly,molly
Moltin,moltin
MommaZoo,mommazoo
Monetsu,monetsu
Moneytis,moneytis
MonkeyLearn,monkeylearn
Monogram,monogram
Monthli,monthli
MoPix,mopix
Mosa Mack Science,mosa-mack-science-inc
Moti,moti
Mountary,mountary
Movebutter,movebutter
Move Loot,move-loot
Moveha,moveha
Movity,movity-com
mRelief,mrelief
Msg.ai,netomi
MTailor,mtailor
Mth Sense,mth-sense
Mudflap,mudflap
Multiply Labs,multiply-labs
Mux,mux
My90,my90
Mycroft,mycroft-ai-inc
Mycrophone,mycrophone
MyFavorito,myfavorito
Mystery Science,mystery-science-c051
Mystro,mystro
Sycamore,sycamore
myTips,mytips
MyVR,myvr
NanoNets,nanonets
Natero,natero
Native Tap,native-tap
Naytev,naytev
Nebia,nebia
Neema,neema
Neighbor.ly,neighborly
NeoReach,neoreach
Neptune.io,neptune-io
Net30,net30
NetBeez,netbeez
Netifi,netifi
Neura,neura-2
Neuroware,neuroware
New Incentives,new-incentives
New Story Charity,new-story-charity
Newsblur,newsblur
Newsbrane,newsbrane
NEXGENT,nexgent-inc
Nexi,nexi-2
Next Caller,next-caller
Codevolve,nexttech
NextInput,nextinput
NexTravel,nextravel
NFWare,nfware
Nightingale,nightingale
Niles,niles
Nimble,nimble-2
Ninite,ninite
Nitrocam,nitrocam
Nobex Technologies,nobex-technologies
Nodal,nodal
Nomiku,nomiku
Nonnatech,nonnatech
Noora Health,noora-health
NoRedInk,noredink
Notable Labs,notable-labs-2
Noteleaf,noteleaf
Nova,nova-2
Nova Credit,nova-credit
nowmov,nowmov-1d19
Ntensify,ntensify
ZeroDB,nucypher
Numina,numina
NuntioLabs,nuntio-labs
nurseVersity,nurseversity
Nurx,nurx
Nutrigene,nutrigene-ltd
Nutshell Mail,nutshellmail
Obie,obiesoft
ObserveAI,observe-ai
Octopart,octopart
Octopus,octopus
OffScale,offscale
Ohmygreen,garten
OhLife,ohlife
Oklo,Oklo
Olark,olark
OLSET,olset
OMGPOP,omgpop
Omniref,omniref
Omnisio,omnisio
AdsOptimal,adsoptimal-social-nation-inc
OncoBox,oncobox
Ondigo,ondigo
One Codex,one-codex
One Degree,one-one-degree
The One Health Company,the-one-health-company
One Month Rails,one-month-rails
OneChronos,one-chronos
OneKloud,onekloud-2
OneMob,onemob
OneSchool,oneschool
OneSignal,one-signal
OnFarm Systems,onfarm
Open Listings,open-listings
OSVehicle,osvehicle
OpenBike,openbike
OpenCurriculum,opencurriculum
OpenDoor,opendoor-2
Open Invest,openinvest
Openland,openland
OpenSea,opensea
OpenSponsorship,opensponsorship
OpenTrons,opentrons
Opez,opez
Opsolutely,opsolutely
Optimizely,optimizely
Alta5,alta5
Opzi,opzi
Orangewood Labs,orangewood-labs-inc
Orankl,orankl
OrderAhead,orderahead
OrderCircle,ordercircle
Orderly Health,orderly-health
OurHealthMate,ourhealthmate
Outbound,conversationdriver
Outdoorsy,outdoorsy-co
Outschool,outschool
Outsite,outsite
Ovia,ovia-2
Owners Circle,owners-circle
OwnLocal,ownlocal
Pachyderm,pachyderm
Pacifica Labs,pacifica-labs
PageLever,pagelever
PagerDuty,pagerduty
Paid,paid
Pakible,pakible
PalleTech,palletech
Pantheon,pantheon
Paperspace,paperspace
Paragon One,paragon-one
Parakey,parakey
Parallel Universe,parallel-universe
Parenthoods,parenthoods
Paribus,paribus
Parse,parse
Partender,partender
Parting,parting
Partnered,partnered
Patchd Medical,patch-d
PathDrugomics,pathdrugomics
Pathrise,pathrise
PatientBank,patientbank
Paubox,paubox
Pawprint,pawprint
PayByGroup,paybygroup
Payable,payable
Paykind,paykind
PayTango,paytango
Pebble Technology,pebble
Peeq,peeq
Peer.im,peer-im
Penny,penny-2
People.ai,people-ai
Perfect Audience,perfect-audience
Perfect Price,perfect-price
Perlara,perlstein-lab
PersistIQ,persistiq
PetCube,petcube
Photos I Like,photos-i-like
Physio Health,physiohealth
Piccolo,piccolo
Pick1,pick1
PickTrace,picktrace
PicnicHealth,picnichealth
PicPlum,picplum
Pieceable,pieceable
Pigeonly,pigeonly
Pijon,pijon
Airenvy,pillow
Pillsy,pillsy-4
Pilotly,groupflix
Pipefy,pipefy
PipelineDB,pipelinedb
Piper,piper
Pit.ai,pit-ai-technologies
Pixc,pixc
Pixelapse,pixelapse
Placements,placements-2
PlanGrid,plangrid
Plasticity,plasticity
PlateIQ,plate-iq
Birdly,birdly-0085
Platzi,platzi
Playbook,meemo-2
PlayerDuel,playerduel
Players' Lounge,players-lounge
Plickers,plickers
Plivo,plivo
Park Evergreen,plot-me-co
Plotbox,plotbox
Pluma,pluma
Pluot,pluot
Plurchase,plurchase
Pluto AI,plutoshift
PocketSuite,pocketsuite
Podium,podium
Podo,podo-13e9
Podozi,podozi
EasyEmail,pointapi
PollEverywhere,poll-everywhere
Polly,subcurrent
Polymail,polymail
Pongr,pongr
Pop Up Archive,pop-up-archive
Popbasic,popbasic
PopCuts,popcuts
Poppy,poppy
Popular Pays,popular-pays
Populr,populr
Posmetrics,posmetrics
Posterous,posterous
Postverta,postverta-inc
Povio,povio
Precious,precious
PredictionIO,prediction-io
PreDxion Bio,predxion-bio
Original Tech,original-tech
PrePay,prepay
Preteckt,preteckt
Pretty Instant,pretty-instant
Priceonomics,priceonomics
Priime,priime
Prim,prim
primeloop,primeloop
Printify,printify
Prism IO,prism-io
Privy,privy-2
Prodigy,prodigy-2
ProductHunt,product-hunt
ProductBIO,productbio-2
Profig,profig
ProjectWedding,project-wedding
Prolaera,learning-suite-inc
Promolta,promolta
Proof,new-atlantic-ventures
Propable,propable
Prophecy Services,prophecy-sciences
ProSky,prosky-inc-
Protocol Labs,protocol-labs
Protonet,protonet
Proven,proven-com
Proxino,proxino
Proxy,martians
Pubinno,pubinno
Publikdemand,publikdemand
Publishizer,publishizer
PullRequest,pullrequest
Puloli,puloli
Pulpix,pulpix
Pulse,pulse
Punchd,punchd
PupBox,pupbox
Purple,purple-wifi
Pushbullet,pushbullet
Pushmarket,answerbook
Puzzlium,puzzlium
Py,py
Pyka,pyka
QC Ware Corp.,qc-ware
Qlika,qlika
Qualio,qualio
Quantierra,quantierra
Quantstamp,quantstamp-technologies
Quantum Insights,quantum-insights
Quartzy,quartzy
Quest,quest-2
QueueDr,queuedr
QueueHop,queuehop
Quicklegal,quicklegal
QuickLogix,quicklogix
QuicklyChat,quicklychat
Quilt Data,quilt-data
Qulture.Rocks,qulture-rocks
analyticsMD,analyticsmd
Qwil,qwil
Skip,skip
RageOn,rageon
Rain,rain
Rainforest QA,rainforest
Raise,raise-france
rakam,rakam
Rapchat,rapchat
RapidAPI,rapidapi
Rapportive,rapportive
rapt.fm,rapt-fm
Raptor Maps,raptor-maps
Ravti,ravti
Raxar Technology Corporation,raxar-technology-corporation
LiveMed,livemed
Reactful,reactful
ReadMe,readme-io
ReadWorks,readworks
ReadyForZero,readyforzero
Real Labs,real-labs
RealAtom,realatom
RealCrowd,realcrowd
RealGifts,realgifts
Realities.io,realities-io
Realm,realm-2
RealtyShares,realtyshares
Reble,reble
ReclipIt,reclip-it
RecoverX,recoverx
Reddit,reddit
Redeemr,redeemr-inc
Redspread,redspread
Reduced Energy Microsystems (REM),reduced-energy-microsystems
ReelSurfer,reelsurfer
Reesio,reesio
Regard,regard
RegistryLove,registrylove
Relationship Hero,relationship-hero
reMail,remail
Remark,remark-hq
Remind101,remind
Remix,remix
Remoov,remoov
reniac,reniac
RentHop,renthop
RentMineOnline,rentmineonline
Rentobo,rentobo
Replenish,replenish
Rescale,rescale
ReSchedule,reschedule
Rescue Forensics,rescue-forensics
RescueTime,rescuetime
Resonance AI,resonanceai
Resource,resource-2
Restocks,restocks
ResultsOnAir,resultsonair
RethinkDB,rethinkdb
Retool,retool
ReturnBase,returnbase
Reveal,reveal-data
Revivn,revivn
Revl,revl
Revlo,revlo
rewardli,rewardli
Rezi,rezi
HealthWiz,ribbonhealth
Rickshaw,rickshaw
mindhelix,mindhelix
RideAlong,ridealong-inc
RideCell,ridecell
RigPlenish,rigplenish
Riide,riide
Riley,riley-2
RingCaptcha,ring-captcha
BitPagos,bitpagos-af58
Rippling,rippling
Rize,rize
Robby,hypecal
RobinHealth,robinhealth
RocketLit,rocketlit
Rocketrip,rocketrip
ROHO,roho
Roofr,roofr
Roomblocker,roomblocker
Roomstorm,walksource
ROSS Intelligence,ross-intelligence
Rover,infoaxe
RunMyErrand,run-my-errands
SafeSkies Systems,safeskies-systems-inc
SafetyWing,safetywing
Saint Harridan,saint-harridan
Sales Beach,sales-beach
SalesIntel,salesintel
Secful,saltsecurity
Samasource,samasource
Sand Hill Exchange,sand-hill-exchange-2
Sandbox,sandbox
Scale,scale
Scaphold.io,scaphold-inc
Scentbird,scentbird
SchoolMint,schoolmint
Science Exchange,science-exchange
Quiki,quiki
Scopio,scopio
Scoutzie,scoutzie
Screenhero,screenhero
ScreenLeap,screenleap
Scribd,scribd
Scribe,scribe
ORobotix,o-robotix
Second Measure,second-measure
Secured3D,secured-3d-2
Securly,securly
Seed,seed
Segment.io,segment-io
Selfycart,selfycart
Selligy,selligy
Semantics3,semantics3
Sempre Health,sempre-health
SendBird,sendbird
SendHub,sendhub
Sendoid,sendoid
SendTask,sendtask
Sendwithus,sendwithus
Seneca Systems,seneca-systems
Senexx,senexx
Senic,senic
sense.ly,sense-ly
Sensilk,sensilk
SensorHound,sensor-hound
Sentinel,sentinel-3
Andromium,the-superbook
Serica,digitaltangible
Set Scouter,set-scouter-2
Shakr,shakr-media
ShapeScale,shapescale
ShareRoot Inc,shareroot
ShearShare,shearshare
Shift Messenger,shift-messenger
Shift Payments,shift-payments
ShiftDoc,shiftdoc
ShiftLabs,shiftlabs
ShipBob,shipbob
Shippo,shippo
Shogun,shogun
Shone,shone-io
72Lux,72lux
ShoppinPal,shoppinpal
Shopseen,shopseen
Shoptiques,shoptiques
Shopular,shopularapp
Shortlist,shortlist-events
Shotput,shotput
Shout,shout
Shoutfit,shoutfit
Shred Video,shred-video
Shypmate,shypmate
Siasto,siasto
Sickweather,sickweather
Sidelines,sidelines
SidelineSwap,sidelineswap
Sift Science,sift-science
SigOpt,sigopt
sigSense,sigsense-tech
Silkroad Images,silkroad-images
silver,silver
Silvernest,silvernest
SilverPush,silverpush
Simbi,simbi
Simless,simless-inc-
Simmr,simmr
Simperium,simperium
Simple Habit,simple-habit
SimpleCitizen,simplecitizen
SimpleLegal,simplelegal
storytree,storytree
SimplifiMed,simplifimed-inc
Simplifund,simplifund
Uplette,uplette
SimplyInsured,simplyinsured
Sinovia Technologies,sinovia
SIRUM,sirum
Sixa,sixa
Sixty,designlive
Sketchbox,sketchbox
SketchDeck,sketchdeck
SKURUN,skurun
Skylights,skylights
Skymind,skymind-global-ventures
Skyways,skyways
Slang,slang
SlapVid,slapvid
Sliced Investing,slicedinvesting
SlickLogin,slicklogin
Slidebean,slidebean
Slidemail,slidemail
Slik,slik
Slinkset,slinkset
Smarking,smarking
SmartAlto,smart-alto
SmartAsset,smartasset
SmarterCookie,smartercookie
SmartestK12,smartestk12
SmartHires,smarthires
SmartPath,smartpath
Smartspot,smartspot-8bf6
SMB Rate,smbrate
Smile Identity,smile-identity
Smyte,smyte
Snackpass,snackpass
snapCard,snapcard-da62
Snapdocs,snapdocs
SnapEDA,snapeda
Snapette,snapette
Snapjoy,snapjoy
Snappr,snappr
Snaptalent,snaptalent
Snipd,snipd
SocialCam,socialcam
Socialfly,socialfly
Socialight,socialight
SocialMoth,socialmoth
SocialPandas,socialpandas
Solugen,solugen
Solve,solve
Songkick,songkick
SoundBetter,soundbetter-llc
SoundFocus,soundfocus
SoundRex,soundrex
SourceDNA,sourcedna
Sourceasy,sourceasy
Sourcify,sourcify
Sown To Grow,sown-to-grow
Soylent,soylent-corporation
Spark Gift,spark-gift
BetterWorld Wireless,sparrow-2
SpeakerGram,speakergram
Spinach,bizcoin
Spinal Singularity,spinal-singularity
Spinnakr,spinnakr
SpinPunch,spinpunch
Spire,laclede-group
Splacer,splacer
Spoil,spoil
spoondate,spoondate
SpoonRocket,spoonrocket
Sporthold,sporthold
Spot Angels,spotangels
Sqoop,sqoop-inc-
Sqoot,sqoot
Sqreen,sqreen
Squadle,squadle
Squire,getsquire
StackLead,stacklead
StackShare,stackshare
Stampery,stampery
Stamplay,stamplay
Standard Cognition,standard-cognition
Standard Cyborg,standard-cyborg
Standard Treasury,standard-treasury
Starcity,starcity
StartClosing,startclosing
Statsbot,statsbot
StatusPage,statuspage
Statwing,statwing
Stealth Worker,stealthworker
STILT,stilt
Storyhunter,storyhunter
Storyline,hellostoryline
Storypanda,storypanda
StoryWorth,storyworth
strapping,strapping
Streak.com,streak
StreamLoan,streamloan-inc
Streamup,streamup
Streem,streem
Strikingly,striking-ly
Stripe,stripe
StrongIntro,strongintro
Strypes,strypes
StudyEdge,studyedge
Studypool,studypool
StudyRoom,studyroom
StudySoup,studysoup
Style Lend,style-lend
StyleBee,stylebee
StyleUp,styleup
Stypi,stypi
Submittable,submishmash
Substack,substack
Sudden Coffee,sudden-coffee
Sugarcube,sugarcube
Suiteness,suiteness
SunFarmer,sunfarmer
Sunfolding,sunfolding
Sunu,sunu
Supergleu,supergleu
Supermedium,supermedium
SupplyBetter,supplybetter
SupplyHog,supplyhog
Surematics,surematics
Surreal VR,surreal-games
Survata,upwave
Survmetrics,survmetrics
Svbtle,svbtle
Sverve,sverve
SwapBox,swapbox
Sway,sway
Swayable,swayable
Swyft,swyft-2
Swiftype,swiftype
Swing Education,swing-education
Swipes,swipes
Swish,swish-labs
SwitchEmbassy,switch-embassy
switchcam,switchcam
Symple,symple
SynapseMX,synapsemx
Synata,synata
Sywork,sywork
T + J Designs,t-j-designs
Tackl,tackl
TagMonkey,tagmonkey
Tagove,tagove
Talkable,talkable
TalkDesk,talkdesk
Talkray,tikl
TapDog,tapdog
TapEngage,tapengage
TapIn,tapin-2
Tappur,tappur
Tapzilla,tapzilla
Gradberry,tara
TargetingMantra,targetingmantra
Tarjimly,tarjimly
Tastemaker,tastemaker
TAXA Biotechnologies,glowing-plant
TeachBoost,teachboost
Tealet,tealet
TeamApart,team-apart
Teaman & Company,teaman-company
teamly,teamly
Techmate,techmate-technologies
Teespring,teespring-d1f9
Teevox,teevox
Teleborder,teleborder
teliportme,teliportme
TellFi,tellfi
Templarbit,templarbit
TenantTurner,tenant-turner
TenderTree,tendertree
Tenfoot,tenfoot
Tenjin,tenjin
tEQuitable,tequitable
Terascore,terascore
TerrAvion,terravion
Tesorio,tesorio
TetraScience,tetrascience-inc-
Text IQ,text-iq
Text To Ticket,text-to-ticket
TextPayMe,textpayme
Thankster,thankster
The Athletic,the-athletic
Flex,flextronics-international
The Human Utility,the-human-utility
The Lobby,the-lobby
The Mednet,the-mednet
The Muse,the-muse
The Pill Club,the-pill-club
The Podcast App,the-podcast-app
Treeline,treeline-3661
The Ticket Fairy,the-ticket-fairy
TheMidGame,themidgame
Theorem LP,shop-theorem
ThinAir,thinair
Think Gaming,think-gaming
Thinkature,thinkature
Thinknum,thinknum
Thread,thread-com
Transcend Lighting,transcend-lighting
Thunkable,thunkable
TicketStumbler,ticketstumbler
Tickle,tickle
Ticktate,ticktate
TieSociety,tie-society
Tika,tika
Tilt,crowdtilt
Timbuktu Labs,timbuktu-labs
Tiny Review,tiny-review
Tioki,tioki
Tipe,tipe
Tipjoy,tipjoy
TL Biolabs,tl-biolabs-9280
Token Transit,token-transit
Tolemi,tolemi
TomoGuides,tomoguides
Whim,whim
TopHatch,tophatch
Toshl,toshl-inc
Totemic Labs,totemic-labs
Totspot,totspot
Tout,tout
Toutpost,toutpost
Tovala,tovala
Toymail,toymail-co-
Trac,trac
TraceAir,traceair
Track,track
Trackin,trackin
Tracks.by,tracks-by
TradeBlock,tradeblock
TrailBehind,trailbehind
Traity,traitperception
Trance,trance
Transcriptic,transcriptic-5825
Translate Abroad,translate-abroad
Transtutors,transweb-educational-services-pvt-ltd
Traveljoy,traveljoy
Treasury Prime,treasury-prime
Treat,treat
Trigger.io,trigger-io
Trinket,trinket
Triplebyte,triplebyte
TruckTrack,trucktrack
True Link Financial,true-link-financial
Truebill,truebill
TrueCare24,truecare24
TrueVault,truevault
TryFuel,fuel-5
TrustCloud,trustcloud
TrustEgg,trustegg
trym,trym
Tsumobi,tsumobi
Tule,tule
Tutorspree,tutorspree
twitmusic,twitmusic
Two Tap,two-tap
Tyche,tyche
Tylr Mobile,tylr-mobile
Ubicall,ubicall
Ubiq,ubiq-toolbox
uCreate3D,grom
Uguru,uguru
UMake,umake
UmbaBox,umba
Underground Cellar,underground-cellar
Unimersiv,unimersiv
Uniquid,uniquid-inc
Universe,universe
Unlimited Reality,unlimited-reality
UnnyWorld,unnyhog
Up All Night,up-all-night
Upcall,upcall
UpCodes,upcodes
UpCraft Club,upcraft-club
UpDroid,updroid
Upgraded,upgraded
Upkeep Maintenance Management,upkeep-maintenance-management
UpLabs,materialup
Upshot,upshot
Uptime (Previously EyePiece),eyepiece
URX,urx
Uscoop,uscoop
Userfox,userfox
UserGems,usergems
UtilityScore,utilityscore
UXcam,uxcam
Vacayo,vacayo
VadR,vadr
Valor Water Analytics,valor-water-analytics
Value Voting,value-voting
Vango,vangoart
Vantage Sports,vantage-sports
Vastrm,vastrm
Vathys,vathys
Vatler,vatler
VayCayHero,vaycayhero
Veed.me,veedme
Align Commerce,goveem
Verbling,verbling
Verecho,verecho-inc
Verge Genomics,verge-genomics
VergeSense,vergesense
Vernox Labs,vernox-labs
IQBoxy,veryfi
Vessel,vessel
Vetcove,vetcove-2
VetPronto,vetpronto
VIA Global Health,via-global-health
ViaCycle,viacycle
VIDA & Co.,vida-co
Vidcode,vidcode
Cinemacraft,cinemacraft-6c29
VideoNot.es,videonot-es
Videopixie,videopixie
vid.io,vidiq
Vidpresso,vidpresso
Villa,villa-toolbox
VillageDefense,village-defense
VINEBOX,vinebox
Vinsight,vinsight-88e4
ViralGains,viralgains
Virect,virect
Virool,virool
VirtualMin,virtualmin
Visabot,visabot
Visage,visage
Visor,visor-small-retail-shopper-intelligence
visual.ly,visual-ly
Vittana,vittana
vive,vive-2
Summer,summer-8840
Mind My Business,vizalytics-technology
Vize Software,vize-software
Vizera Labs,vizera-labs
VoiceGem,voicegem
VOIQ,voiq
Volta,volta-2
Voodoo Manufacturing,voodoo-manufacturing
Vorga,vorga
Vote.org,vote-org
Voxeet,voxeet
Voyajoy,voyajoy
VR Motion,vr-motion
VRChive,vrchive
vvall,vvall
Wakemate,wakemate
Wakie,wakie-budist
Wallarm,wallarm
WalletKit,walletkit
YongoPal,yongopal
Wanderable,wanderable
Watsi,watsi
Wattvision,wattvision
waygum,waygum
WayUp,wayup
Weardrobe,weardrobe
Weave,weave
Webflow,webflow
BarTab,bartab
WeddingLovely,weddinglovely
WeDidIt,wedidit
Weebly,weebly
WeFunder,wefunder
Weilos,weilos
WeLink,welink
WePay,wepay
WePlann,weplann
Wevorce,wevorce
WhalePath,whale-path
Wheelwell,tracktopia
WhereFor,wherefor
Whill,whill
Whiplash,whiplash-2
Whirl,whirl
Whitenoise Networks,whitenoise-networks
WhoAPI,whoapi
Wideo,wideo
Willing,willing
Willow,willow
Club W,clubw-com
Wink Health,wink-health
Win-Win,win-win
wise.io,wise-io
WishPlz,wishplz
Wit.ai,wit-ai
Women Who Code,women-who-code
Women.com,womendotcom
WorkAmerica,workamerica
Workflowy,workflowy
Workgeni.us,workgenius
Worklete,worklete
WorkLife,worklife
WorkRamp,workramp
Workstir,workstir
WorldCover,worldcover
Worldly Developments,worldly-developments
Worthix,worthix
Wright Electric,wright-electric
Writewith,writewith
Wundrbar,wundrbar
Xberts,xberts
Xendo,xendo
XIX.ai,xix-ai
Xobni,xobni
Xockets,xockets
X-Zell,x-zell
Yardbook,yardbook
YayPay,yaypay-inc
Yellowdig,yellowdig
YesGraph,yesgraph
Yhat,yhat
Yodas,yodas
YoDerm,yoderm
Yogome,yogome
Yoshi,yoshi
YouFood,youfood
YouGotListings,yougotlistings
Your Mechanic,yourmechanic
YouStake,youstake
YouTeam,youteam
Yumbin,yumbin
YumDots,yumdots
Zainar,zainar
ZapChain,zapchain
ZapGo,zapgocharger
Zapier,zapier
ZBiotics,zbiotics
ZBoard,zboard
Zecter,zecter
Zen99,zen99
Zenamins,zenamins
Zenbox,zenbox
Zencoder,zencoder
Zendar,zendar
ZendyHealth,zendyhealth
Zenedy,zenedy
Zenefits,zenefits
Zenflow,zenflow
Zengaming,zengaming
Zentail,zentail
Zenter,zenter
Zenysis,zenysis
Zeplin,zeplin
ZeroCater,zerocater
Zestful,zestful
Zesty,simply-zesty
Zeus,zeus
Zidisha,zidisha
Zigfu,zigfu
Zillabyte,zillabyte
Zinc,zinc
Foodsmart,zipongo
Zoomer,zoomer
Zootrock,zootrock
ZowPow,zowpow
zPredicta,ixchel-scientific
Zyudly Labs,zyudly-labs